Reference, Quantity, Value, Footprint, Datasheet, Config
A1 ,1,"Sparkfun_Pro_Micro","Module:Sparkfun_Pro_Micro","https://cdn.sparkfun.com/datasheets/Dev/Arduino/Boards/Pro_Micro_v13b.pdf","dnp"
C1 ,1,"100n","Capacitor_SMD:C_0603_1608Metric","~"
D1 ,1,"LED","LED_SMD:LED_0603_1608Metric","~","-RTC,+LOG"
J1 ,1,"Micro_SD_Card_Det","Connector_Card:microSD_HC_Molex_104031-0811","https://www.hirose.com/product/en/download_file/key_name/DM3/category/Catalog/doc_file_id/49662/?file_category_id=4&item_id=195&is_series=1","-RTC,+LOG"
JP2 JP1 ,2,"Jumper_NO_Small","Jumper:SolderJumper-2_P1.3mm_Open_RoundedPad1.0x1.5mm","~"
JP3 ,1,"SolderJumper_3_Bridged12","Jumper:SolderJumper-3_P1.3mm_Bridged12_RoundedPad1.0x1.5mm_NumberLabels","~"
LOGO1 ,1,"Logo_Open_Hardware_Small","Symbol:OSHW-Symbol_6.7x6mm_SilkScreen",""
R4 ,1,"1k","Resistor_SMD:R_0603_1608Metric","~","-RTC,+LOG"
R5 R6 R2 R3 R1 ,5,"4k7","Resistor_SMD:R_0603_1608Metric","~","+RTC,-LOG"
TP1 ,1,"VBAT","TestPoint:TestPoint_THTPad_D2.0mm_Drill1.0mm","~"
U1 ,1,"DS3231MZ","Package_SO:SOIC-8_3.9x4.9mm_P1.27mm","http://datasheets.maximintegrated.com/en/ds/DS3231M.pdf","+RTC,-LOG"